,acc,loss,val_acc,val_loss
0,0.734753802262,4.26320421335,0.733807839177,4.29051106567
1,0.736011041151,4.25499964969,0.733274031226,4.29911502871
2,0.736156217078,4.2526596886,0.734519582992,4.27903911329
3,0.6773720136,5.18764236291,0.520106772829,7.72712264107
4,0.61554202489,6.17631909358,0.672775811593,5.25729693834
