,acc,loss,val_acc,val_loss
0,.7119,1.0340,0.7342,0.8800
1,0.7348,0.8795,0.7338,0.8701
0,0.735643442068,0.872905650669,0.733807839294,0.877361878498
