,acc,loss,val_acc,val_loss
0,0.707931152188,1.09564816813,0.732562287809,0.893436560687
0,0.735020694122,0.879881860398,0.733451967286,0.873307787688
0,0.7357,0.8576,0.7317,0.8688
